sample_id,sample_label,sample_start,sample_end,model_id,model_label,scheduled_entries,elevated_entries,elevated_entry_share,spread_width_points,contract_multiplier,standard_credit_points,additional_distance_fraction,additional_distance_percent,average_additional_distance_points,standard_elevated_failures,defensive_elevated_failures,failures_avoided,failure_reduction,standard_elevated_intrinsic_points,defensive_elevated_intrinsic_points,intrinsic_points_avoided,intrinsic_dollars_avoided,standard_elevated_break_even_credit,defensive_elevated_break_even_credit,maximum_tolerable_credit_haircut_points,theoretical_defensive_credit_to_match_standard,feasible_defensive_credit_to_match_standard,minimum_retained_credit_ratio_to_match_standard,standard_total_pnl_points,standard_total_pnl_dollars,same_credit_defensive_total_pnl_points,same_credit_defensive_total_pnl_dollars,same_credit_pnl_improvement_points,same_credit_pnl_improvement_dollars,match_credit_total_pnl_points,match_credit_total_pnl_dollars,match_credit_pnl_difference_points,standard_maximum_drawdown_points,same_credit_maximum_drawdown_points,same_credit_drawdown_reduction_points,match_credit_maximum_drawdown_points,match_credit_drawdown_reduction_points,standard_worst_4_trade_sum_points,same_credit_worst_4_trade_sum_points,match_credit_worst_4_trade_sum_points
forward_test,Pooled chronological test period,2011-01-07,2026-06-05,both_atr_expansions,Both ATR expansion flags,805,100,0.12422360248447205,150.0,2.0,8.25,0.005,0.5,47.891844999999996,4,3,1,0.25,465.0463000000002,424.0350000000001,41.01130000000012,82.02260000000024,4.650463000000002,4.240350000000001,0.41011300000000117,7.839886999999999,7.839886999999999,0.9502893333333332,5209.945199999995,10419.89039999999,5250.956499999995,10501.91299999999,41.01130000000012,82.02260000000024,5209.945199999995,10419.89039999999,0.0,326.25,326.25,0.0,328.30056499999955,-2.050564999999551,-267.0,-267.0,-268.230339
forward_test,Pooled chronological test period,2011-01-07,2026-06-05,both_atr_expansions,Both ATR expansion flags,805,100,0.12422360248447205,150.0,2.0,8.25,0.01,1.0,95.78368999999999,4,3,1,0.25,465.0463000000002,338.37254999999936,126.67375000000084,253.34750000000167,4.650463000000002,3.3837254999999935,1.2667375000000083,6.9832624999999915,6.9832624999999915,0.8464560606060596,5209.945199999995,10419.89039999999,5336.6189499999955,10673.237899999991,126.67375000000084,253.34750000000167,5209.945199999995,10419.89039999999,0.0,326.25,326.25,0.0,332.58368750000045,-6.333687500000451,-267.0,-267.0,-270.80021250000004
forward_test,Pooled chronological test period,2011-01-07,2026-06-05,both_atr_expansions,Both ATR expansion flags,805,100,0.12422360248447205,150.0,2.0,8.25,0.015,1.5,143.675535,4,2,2,0.5,465.0463000000002,249.74,215.3063000000002,430.6126000000004,4.650463000000002,2.4974000000000003,2.1530630000000017,6.096936999999999,6.096936999999999,0.7390226666666665,5209.945199999995,10419.89039999999,5425.251499999995,10850.50299999999,215.3063000000002,430.6126000000004,5209.945199999995,10419.89039999999,0.0,326.25,326.25,0.0,337.015315000001,-10.76531500000101,-267.0,-267.0,-273.459189
forward_test,Pooled chronological test period,2011-01-07,2026-06-05,both_atr_expansions,Both ATR expansion flags,805,100,0.12422360248447205,150.0,2.0,8.25,0.02,2.0,191.56737999999999,4,2,2,0.5,465.0463000000002,237.59249999999997,227.45380000000023,454.90760000000046,4.650463000000002,2.3759249999999996,2.2745380000000024,5.975461999999998,5.975461999999998,0.724298424242424,5209.945199999995,10419.89039999999,5437.398999999995,10874.79799999999,227.45380000000023,454.90760000000046,5209.945199999995,10419.89039999999,0.0,326.25,326.25,0.0,337.6226900000006,-11.372690000000603,-267.0,-267.0,-273.823614
forward_test,Pooled chronological test period,2011-01-07,2026-06-05,both_atr_expansions,Both ATR expansion flags,805,100,0.12422360248447205,150.0,2.0,8.25,0.03,3.0,287.35107,4,2,2,0.5,465.0463000000002,213.2974999999999,251.7488000000003,503.4976000000006,4.650463000000002,2.132974999999999,2.517488000000003,5.732511999999997,5.732511999999997,0.694849939393939,5209.945199999995,10419.89039999999,5461.693999999995,10923.38799999999,251.7488000000003,503.4976000000006,5209.945199999995,10419.89039999999,0.0,326.25,326.25,0.0,338.8374399999998,-12.587439999999788,-267.0,-267.0,-274.55246400000004
forward_test,Pooled chronological test period,2011-01-07,2026-06-05,full_three_factor_score,"Full score, at least 2 of 3 flags",805,138,0.17142857142857143,150.0,2.0,8.25,0.005,0.5,48.61006594202898,5,4,1,0.2,615.0463000000002,574.0350000000001,41.01130000000012,82.02260000000024,4.4568572463768135,4.159673913043479,0.2971833333333342,7.952816666666666,7.952816666666666,0.9639777777777777,5209.945199999995,10419.89039999999,5250.956499999995,10501.91299999999,41.01130000000012,82.02260000000024,5209.945199999995,10419.89039999999,0.0,326.25,326.25,0.0,328.9246499999981,-2.6746499999981097,-267.0,-267.0,-267.89155
forward_test,Pooled chronological test period,2011-01-07,2026-06-05,full_three_factor_score,"Full score, at least 2 of 3 flags",805,138,0.17142857142857143,150.0,2.0,8.25,0.01,1.0,97.22013188405796,5,4,1,0.2,615.0463000000002,488.37254999999936,126.67375000000084,253.34750000000167,4.4568572463768135,3.538931521739126,0.9179257246376872,7.332074275362313,7.332074275362313,0.8887362758014925,5209.945199999995,10419.89039999999,5336.6189499999955,10673.237899999991,126.67375000000084,253.34750000000167,5209.945199999995,10419.89039999999,0.0,326.25,326.25,0.0,334.51133152174043,-8.26133152174043,-267.0,-267.0,-269.7537771739131
forward_test,Pooled chronological test period,2011-01-07,2026-06-05,full_three_factor_score,"Full score, at least 2 of 3 flags",805,138,0.17142857142857143,150.0,2.0,8.25,0.015,1.5,145.830197826087,5,3,2,0.4,615.0463000000002,399.74,215.3063000000002,430.6126000000004,4.4568572463768135,2.896666666666667,1.5601905797101463,6.689809420289854,6.689809420289854,0.8108859903381641,5209.945199999995,10419.89039999999,5425.251499999995,10850.50299999999,215.3063000000002,430.6126000000004,5209.945199999995,10419.89039999999,0.0,326.25,326.25,0.0,340.29171521739227,-14.041715217392266,-267.0,-267.0,-271.6805717391304
forward_test,Pooled chronological test period,2011-01-07,2026-06-05,full_three_factor_score,"Full score, at least 2 of 3 flags",805,138,0.17142857142857143,150.0,2.0,8.25,0.02,2.0,194.44026376811593,5,3,2,0.4,615.0463000000002,386.351249999999,228.69505000000117,457.39010000000235,4.4568572463768135,2.7996467391304276,1.6572105072463854,6.592789492753615,6.592789492753615,0.7991259991216503,5209.945199999995,10419.89039999999,5438.640249999996,10877.280499999992,228.69505000000117,457.39010000000235,5209.945199999995,10419.89039999999,0.0,326.25,325.00874999999905,1.2412500000009459,339.9236445652168,-13.673644565216819,-267.0,-267.0,-271.97163152173914
forward_test,Pooled chronological test period,2011-01-07,2026-06-05,full_three_factor_score,"Full score, at least 2 of 3 flags",805,138,0.17142857142857143,150.0,2.0,8.25,0.03,3.0,291.660395652174,5,3,2,0.4,615.0463000000002,213.44414999999867,401.60215000000153,803.2043000000031,4.4568572463768135,1.5466967391304252,2.910160507246388,5.339839492753612,5.339839492753612,0.6472532718489227,5209.945199999995,10419.89039999999,5611.547349999996,11223.094699999992,401.60215000000153,803.2043000000031,5209.945199999995,10419.89039999999,0.0,326.25,283.5,42.75,286.4101605072465,39.839839492753526,-267.0,-267.0,-275.7304815217392
forward_test,Pooled chronological test period,2011-01-07,2026-06-05,both_atr_expansions,Both ATR expansion flags,805,100,0.12422360248447205,150.0,2.0,10.0,0.005,0.5,47.891844999999996,4,3,1,0.25,465.0463000000002,424.0350000000001,41.01130000000012,82.02260000000024,4.650463000000002,4.240350000000001,0.41011300000000117,9.589887,9.589887,0.9589886999999999,6618.695199999995,13237.39039999999,6659.706499999995,13319.41299999999,41.01130000000012,82.02260000000024,6618.695199999995,13237.39039999999,0.0,300.0,300.0,0.0,302.05056499999955,-2.050564999999551,-260.0,-260.0,-261.230339
forward_test,Pooled chronological test period,2011-01-07,2026-06-05,both_atr_expansions,Both ATR expansion flags,805,100,0.12422360248447205,150.0,2.0,10.0,0.01,1.0,95.78368999999999,4,3,1,0.25,465.0463000000002,338.37254999999936,126.67375000000084,253.34750000000167,4.650463000000002,3.3837254999999935,1.2667375000000083,8.733262499999991,8.733262499999991,0.8733262499999992,6618.695199999995,13237.39039999999,6745.3689499999955,13490.737899999991,126.67375000000084,253.34750000000167,6618.695199999995,13237.39039999999,0.0,300.0,300.0,0.0,306.33368750000045,-6.333687500000451,-260.0,-260.0,-263.80021250000004
forward_test,Pooled chronological test period,2011-01-07,2026-06-05,both_atr_expansions,Both ATR expansion flags,805,100,0.12422360248447205,150.0,2.0,10.0,0.015,1.5,143.675535,4,2,2,0.5,465.0463000000002,249.74,215.3063000000002,430.6126000000004,4.650463000000002,2.4974000000000003,2.1530630000000017,7.846936999999999,7.846936999999999,0.7846936999999998,6618.695199999995,13237.39039999999,6834.001499999995,13668.00299999999,215.3063000000002,430.6126000000004,6618.695199999995,13237.39039999999,0.0,300.0,300.0,0.0,310.76531499999874,-10.765314999998736,-260.0,-260.0,-266.459189
forward_test,Pooled chronological test period,2011-01-07,2026-06-05,both_atr_expansions,Both ATR expansion flags,805,100,0.12422360248447205,150.0,2.0,10.0,0.02,2.0,191.56737999999999,4,2,2,0.5,465.0463000000002,237.59249999999997,227.45380000000023,454.90760000000046,4.650463000000002,2.3759249999999996,2.2745380000000024,7.725461999999998,7.725461999999998,0.7725461999999997,6618.695199999995,13237.39039999999,6846.148999999995,13692.29799999999,227.45380000000023,454.90760000000046,6618.695199999995,13237.39039999999,0.0,300.0,300.0,0.0,311.37268999999833,-11.372689999998329,-260.0,-260.0,-266.823614
forward_test,Pooled chronological test period,2011-01-07,2026-06-05,both_atr_expansions,Both ATR expansion flags,805,100,0.12422360248447205,150.0,2.0,10.0,0.03,3.0,287.35107,4,2,2,0.5,465.0463000000002,213.2974999999999,251.7488000000003,503.4976000000006,4.650463000000002,2.132974999999999,2.517488000000003,7.482511999999997,7.482511999999997,0.7482511999999997,6618.695199999995,13237.39039999999,6870.443999999995,13740.88799999999,251.7488000000003,503.4976000000006,6618.695199999995,13237.39039999999,0.0,300.0,300.0,0.0,312.58744000000206,-12.587440000002061,-260.0,-260.0,-267.55246400000004
forward_test,Pooled chronological test period,2011-01-07,2026-06-05,full_three_factor_score,"Full score, at least 2 of 3 flags",805,138,0.17142857142857143,150.0,2.0,10.0,0.005,0.5,48.61006594202898,5,4,1,0.2,615.0463000000002,574.0350000000001,41.01130000000012,82.02260000000024,4.4568572463768135,4.159673913043479,0.2971833333333342,9.702816666666665,9.702816666666665,0.9702816666666665,6618.695199999995,13237.39039999999,6659.706499999995,13319.41299999999,41.01130000000012,82.02260000000024,6618.695199999995,13237.39039999999,0.0,300.0,300.0,0.0,302.6746499999981,-2.6746499999981097,-260.0,-260.0,-260.89155
forward_test,Pooled chronological test period,2011-01-07,2026-06-05,full_three_factor_score,"Full score, at least 2 of 3 flags",805,138,0.17142857142857143,150.0,2.0,10.0,0.01,1.0,97.22013188405796,5,4,1,0.2,615.0463000000002,488.37254999999936,126.67375000000084,253.34750000000167,4.4568572463768135,3.538931521739126,0.9179257246376872,9.082074275362313,9.082074275362313,0.9082074275362313,6618.695199999995,13237.39039999999,6745.3689499999955,13490.737899999991,126.67375000000084,253.34750000000167,6618.695199999995,13237.39039999999,0.0,300.0,300.0,0.0,308.26133152174043,-8.26133152174043,-260.0,-260.0,-262.7537771739131
forward_test,Pooled chronological test period,2011-01-07,2026-06-05,full_three_factor_score,"Full score, at least 2 of 3 flags",805,138,0.17142857142857143,150.0,2.0,10.0,0.015,1.5,145.830197826087,5,3,2,0.4,615.0463000000002,399.74,215.3063000000002,430.6126000000004,4.4568572463768135,2.896666666666667,1.5601905797101463,8.439809420289853,8.439809420289853,0.8439809420289853,6618.695199999995,13237.39039999999,6834.001499999995,13668.00299999999,215.3063000000002,430.6126000000004,6618.695199999995,13237.39039999999,0.0,300.0,300.0,0.0,314.04171521739227,-14.041715217392266,-260.0,-260.0,-264.6805717391304
forward_test,Pooled chronological test period,2011-01-07,2026-06-05,full_three_factor_score,"Full score, at least 2 of 3 flags",805,138,0.17142857142857143,150.0,2.0,10.0,0.02,2.0,194.44026376811593,5,3,2,0.4,615.0463000000002,386.351249999999,228.69505000000117,457.39010000000235,4.4568572463768135,2.7996467391304276,1.6572105072463854,8.342789492753614,8.342789492753614,0.8342789492753614,6618.695199999995,13237.39039999999,6847.390249999996,13694.780499999992,228.69505000000117,457.39010000000235,6618.695199999994,13237.390399999987,-9.094947017729282e-13,300.0,298.75874999999905,1.2412500000009459,313.6736445652168,-13.673644565216819,-260.0,-260.0,-264.97163152173914
forward_test,Pooled chronological test period,2011-01-07,2026-06-05,full_three_factor_score,"Full score, at least 2 of 3 flags",805,138,0.17142857142857143,150.0,2.0,10.0,0.03,3.0,291.660395652174,5,3,2,0.4,615.0463000000002,213.44414999999867,401.60215000000153,803.2043000000031,4.4568572463768135,1.5466967391304252,2.910160507246388,7.089839492753612,7.089839492753612,0.7089839492753611,6618.695199999995,13237.39039999999,7020.297349999996,14040.594699999992,401.60215000000153,803.2043000000031,6618.695199999995,13237.39039999999,0.0,300.0,280.0,20.0,282.9101605072465,17.089839492753526,-260.0,-260.0,-268.7304815217392
forward_test,Pooled chronological test period,2011-01-07,2026-06-05,both_atr_expansions,Both ATR expansion flags,805,100,0.12422360248447205,150.0,2.0,12.0,0.005,0.5,47.891844999999996,4,3,1,0.25,465.0463000000002,424.0350000000001,41.01130000000012,82.02260000000024,4.650463000000002,4.240350000000001,0.41011300000000117,11.589887,11.589887,0.9658239166666666,8228.695199999995,16457.39039999999,8269.706499999995,16539.41299999999,41.01130000000012,82.02260000000024,8228.695199999995,16457.39039999999,0.0,276.0,276.0,0.0,276.4101129999999,-0.41011299999991024,-252.0,-252.0,-253.230339
forward_test,Pooled chronological test period,2011-01-07,2026-06-05,both_atr_expansions,Both ATR expansion flags,805,100,0.12422360248447205,150.0,2.0,12.0,0.01,1.0,95.78368999999999,4,3,1,0.25,465.0463000000002,338.37254999999936,126.67375000000084,253.34750000000167,4.650463000000002,3.3837254999999935,1.2667375000000083,10.733262499999991,10.733262499999991,0.8944385416666659,8228.695199999995,16457.39039999999,8355.368949999996,16710.737899999993,126.67375000000175,253.3475000000035,8228.695199999995,16457.39039999999,0.0,276.0,276.0,0.0,277.2667375000001,-1.2667375000000902,-252.0,-252.0,-255.80021250000001
forward_test,Pooled chronological test period,2011-01-07,2026-06-05,both_atr_expansions,Both ATR expansion flags,805,100,0.12422360248447205,150.0,2.0,12.0,0.015,1.5,143.675535,4,2,2,0.5,465.0463000000002,249.74,215.3063000000002,430.6126000000004,4.650463000000002,2.4974000000000003,2.1530630000000017,9.846936999999999,9.846936999999999,0.8205780833333333,8228.695199999995,16457.39039999999,8444.001499999995,16888.00299999999,215.3063000000002,430.6126000000004,8228.695199999995,16457.39039999999,0.0,276.0,276.0,0.0,280.76531499999874,-4.765314999998736,-252.0,-252.0,-258.459189
forward_test,Pooled chronological test period,2011-01-07,2026-06-05,both_atr_expansions,Both ATR expansion flags,805,100,0.12422360248447205,150.0,2.0,12.0,0.02,2.0,191.56737999999999,4,2,2,0.5,465.0463000000002,237.59249999999997,227.45380000000023,454.90760000000046,4.650463000000002,2.3759249999999996,2.2745380000000024,9.725461999999997,9.725461999999997,0.8104551666666664,8228.695199999995,16457.39039999999,8456.148999999994,16912.297999999988,227.45379999999932,454.90759999999864,8228.695199999995,16457.39039999999,0.0,276.0,276.0,0.0,281.37268999999833,-5.372689999998329,-252.0,-252.0,-258.823614
forward_test,Pooled chronological test period,2011-01-07,2026-06-05,both_atr_expansions,Both ATR expansion flags,805,100,0.12422360248447205,150.0,2.0,12.0,0.03,3.0,287.35107,4,2,2,0.5,465.0463000000002,213.2974999999999,251.7488000000003,503.4976000000006,4.650463000000002,2.132974999999999,2.517488000000003,9.482511999999996,9.482511999999996,0.790209333333333,8228.695199999995,16457.39039999999,8480.443999999996,16960.88799999999,251.7488000000012,503.4976000000024,8228.695199999995,16457.39039999999,0.0,276.0,276.0,0.0,282.58744000000206,-6.587440000002061,-252.0,-252.0,-259.55246400000004
forward_test,Pooled chronological test period,2011-01-07,2026-06-05,full_three_factor_score,"Full score, at least 2 of 3 flags",805,138,0.17142857142857143,150.0,2.0,12.0,0.005,0.5,48.61006594202898,5,4,1,0.2,615.0463000000002,574.0350000000001,41.01130000000012,82.02260000000024,4.4568572463768135,4.159673913043479,0.2971833333333342,11.702816666666665,11.702816666666665,0.9752347222222221,8228.695199999995,16457.39039999999,8269.706499999995,16539.41299999999,41.01130000000012,82.02260000000024,8228.695199999995,16457.39039999999,0.0,276.0,276.0,0.0,276.2971833333331,-0.2971833333331233,-252.0,-252.0,-252.89155
forward_test,Pooled chronological test period,2011-01-07,2026-06-05,full_three_factor_score,"Full score, at least 2 of 3 flags",805,138,0.17142857142857143,150.0,2.0,12.0,0.01,1.0,97.22013188405796,5,4,1,0.2,615.0463000000002,488.37254999999936,126.67375000000084,253.34750000000167,4.4568572463768135,3.538931521739126,0.9179257246376872,11.082074275362313,11.082074275362313,0.923506189613526,8228.695199999995,16457.39039999999,8355.368949999996,16710.737899999993,126.67375000000175,253.3475000000035,8228.695199999995,16457.39039999999,0.0,276.0,276.0,0.0,278.26133152174043,-2.2613315217404306,-252.0,-252.0,-254.75377717391305
forward_test,Pooled chronological test period,2011-01-07,2026-06-05,full_three_factor_score,"Full score, at least 2 of 3 flags",805,138,0.17142857142857143,150.0,2.0,12.0,0.015,1.5,145.830197826087,5,3,2,0.4,615.0463000000002,399.74,215.3063000000002,430.6126000000004,4.4568572463768135,2.896666666666667,1.5601905797101463,10.439809420289853,10.439809420289853,0.8699841183574878,8228.695199999995,16457.39039999999,8444.001499999995,16888.00299999999,215.3063000000002,430.6126000000004,8228.695199999995,16457.39039999999,0.0,276.0,276.0,0.0,284.04171521739227,-8.041715217392266,-252.0,-252.0,-256.6805717391304
forward_test,Pooled chronological test period,2011-01-07,2026-06-05,full_three_factor_score,"Full score, at least 2 of 3 flags",805,138,0.17142857142857143,150.0,2.0,12.0,0.02,2.0,194.44026376811593,5,3,2,0.4,615.0463000000002,386.351249999999,228.69505000000117,457.39010000000235,4.4568572463768135,2.7996467391304276,1.6572105072463854,10.342789492753614,10.342789492753614,0.8618991243961345,8228.695199999995,16457.39039999999,8457.390249999997,16914.780499999993,228.69505000000208,457.39010000000417,8228.695199999995,16457.39039999999,0.0,276.0,276.0,0.0,283.6736445652168,-7.673644565216819,-252.0,-252.0,-256.97163152173914
forward_test,Pooled chronological test period,2011-01-07,2026-06-05,full_three_factor_score,"Full score, at least 2 of 3 flags",805,138,0.17142857142857143,150.0,2.0,12.0,0.03,3.0,291.660395652174,5,3,2,0.4,615.0463000000002,213.44414999999867,401.60215000000153,803.2043000000031,4.4568572463768135,1.5466967391304252,2.910160507246388,9.089839492753612,9.089839492753612,0.7574866243961343,8228.695199999995,16457.39039999999,8630.297349999997,17260.594699999994,401.60215000000244,803.2043000000049,8228.695199999995,16457.39039999999,0.0,276.0,276.0,0.0,278.9101605072465,-2.9101605072464736,-252.0,-252.0,-260.73048152173914
forward_test,Pooled chronological test period,2011-01-07,2026-06-05,both_atr_expansions,Both ATR expansion flags,805,100,0.12422360248447205,150.0,2.0,14.0,0.005,0.5,47.891844999999996,4,3,1,0.25,465.0463000000002,424.0350000000001,41.01130000000012,82.02260000000024,4.650463000000002,4.240350000000001,0.41011300000000117,13.589887,13.589887,0.9707062142857142,9838.695199999995,19677.39039999999,9879.706499999995,19759.41299999999,41.01130000000012,82.02260000000024,9838.695199999995,19677.39039999999,0.0,272.0,272.0,0.0,272.4101129999999,-0.41011299999991024,-244.0,-244.0,-245.230339
forward_test,Pooled chronological test period,2011-01-07,2026-06-05,both_atr_expansions,Both ATR expansion flags,805,100,0.12422360248447205,150.0,2.0,14.0,0.01,1.0,95.78368999999999,4,3,1,0.25,465.0463000000002,338.37254999999936,126.67375000000084,253.34750000000167,4.650463000000002,3.3837254999999935,1.2667375000000083,12.733262499999991,12.733262499999991,0.9095187499999994,9838.695199999995,19677.39039999999,9965.368949999996,19930.737899999993,126.67375000000175,253.3475000000035,9838.695199999995,19677.39039999999,0.0,272.0,272.0,0.0,273.2667375000001,-1.2667375000000902,-244.0,-244.0,-247.80021250000001
forward_test,Pooled chronological test period,2011-01-07,2026-06-05,both_atr_expansions,Both ATR expansion flags,805,100,0.12422360248447205,150.0,2.0,14.0,0.015,1.5,143.675535,4,2,2,0.5,465.0463000000002,249.74,215.3063000000002,430.6126000000004,4.650463000000002,2.4974000000000003,2.1530630000000017,11.846936999999999,11.846936999999999,0.8462097857142856,9838.695199999995,19677.39039999999,10054.001499999995,20108.00299999999,215.3063000000002,430.6126000000004,9838.695199999995,19677.39039999999,0.0,272.0,272.0,0.0,274.15306299999975,-2.1530629999997473,-244.0,-244.0,-250.459189
forward_test,Pooled chronological test period,2011-01-07,2026-06-05,both_atr_expansions,Both ATR expansion flags,805,100,0.12422360248447205,150.0,2.0,14.0,0.02,2.0,191.56737999999999,4,2,2,0.5,465.0463000000002,237.59249999999997,227.45380000000023,454.90760000000046,4.650463000000002,2.3759249999999996,2.2745380000000024,11.725461999999997,11.725461999999997,0.8375329999999997,9838.695199999995,19677.39039999999,10066.148999999994,20132.297999999988,227.45379999999932,454.90759999999864,9838.695199999995,19677.39039999999,0.0,272.0,272.0,0.0,274.27453799999967,-2.2745379999996658,-244.0,-244.0,-250.82361400000002
forward_test,Pooled chronological test period,2011-01-07,2026-06-05,both_atr_expansions,Both ATR expansion flags,805,100,0.12422360248447205,150.0,2.0,14.0,0.03,3.0,287.35107,4,2,2,0.5,465.0463000000002,213.2974999999999,251.7488000000003,503.4976000000006,4.650463000000002,2.132974999999999,2.517488000000003,11.482511999999996,11.482511999999996,0.8201794285714283,9838.695199999995,19677.39039999999,10090.443999999996,20180.88799999999,251.7488000000012,503.4976000000024,9838.695199999995,19677.39039999999,0.0,272.0,272.0,0.0,274.5174880000004,-2.5174880000004123,-244.0,-244.0,-251.55246400000001
forward_test,Pooled chronological test period,2011-01-07,2026-06-05,full_three_factor_score,"Full score, at least 2 of 3 flags",805,138,0.17142857142857143,150.0,2.0,14.0,0.005,0.5,48.61006594202898,5,4,1,0.2,615.0463000000002,574.0350000000001,41.01130000000012,82.02260000000024,4.4568572463768135,4.159673913043479,0.2971833333333342,13.702816666666665,13.702816666666665,0.9787726190476189,9838.695199999995,19677.39039999999,9879.706499999995,19759.41299999999,41.01130000000012,82.02260000000024,9838.695199999995,19677.39039999999,0.0,272.0,272.0,0.0,272.2971833333331,-0.2971833333331233,-244.0,-244.0,-244.89155
forward_test,Pooled chronological test period,2011-01-07,2026-06-05,full_three_factor_score,"Full score, at least 2 of 3 flags",805,138,0.17142857142857143,150.0,2.0,14.0,0.01,1.0,97.22013188405796,5,4,1,0.2,615.0463000000002,488.37254999999936,126.67375000000084,253.34750000000167,4.4568572463768135,3.538931521739126,0.9179257246376872,13.082074275362313,13.082074275362313,0.9344338768115937,9838.695199999995,19677.39039999999,9965.368949999996,19930.737899999993,126.67375000000175,253.3475000000035,9838.695199999995,19677.39039999999,0.0,272.0,272.0,0.0,272.9179257246378,-0.9179257246378256,-244.0,-244.0,-246.75377717391305
forward_test,Pooled chronological test period,2011-01-07,2026-06-05,full_three_factor_score,"Full score, at least 2 of 3 flags",805,138,0.17142857142857143,150.0,2.0,14.0,0.015,1.5,145.830197826087,5,3,2,0.4,615.0463000000002,399.74,215.3063000000002,430.6126000000004,4.4568572463768135,2.896666666666667,1.5601905797101463,12.439809420289853,12.439809420289853,0.8885578157349895,9838.695199999995,19677.39039999999,10054.001499999995,20108.00299999999,215.3063000000002,430.6126000000004,9838.695199999995,19677.39039999999,0.0,272.0,272.0,0.0,273.56019057971025,-1.5601905797102518,-244.0,-244.0,-248.68057173913044
forward_test,Pooled chronological test period,2011-01-07,2026-06-05,full_three_factor_score,"Full score, at least 2 of 3 flags",805,138,0.17142857142857143,150.0,2.0,14.0,0.02,2.0,194.44026376811593,5,3,2,0.4,615.0463000000002,386.351249999999,228.69505000000117,457.39010000000235,4.4568572463768135,2.7996467391304276,1.6572105072463854,12.342789492753614,12.342789492753614,0.8816278209109724,9838.695199999995,19677.39039999999,10067.390249999997,20134.780499999993,228.69505000000208,457.39010000000417,9838.695199999995,19677.39039999999,0.0,272.0,272.0,0.0,273.6572105072464,-1.6572105072464183,-244.0,-244.0,-248.97163152173917
forward_test,Pooled chronological test period,2011-01-07,2026-06-05,full_three_factor_score,"Full score, at least 2 of 3 flags",805,138,0.17142857142857143,150.0,2.0,14.0,0.03,3.0,291.660395652174,5,3,2,0.4,615.0463000000002,213.44414999999867,401.60215000000153,803.2043000000031,4.4568572463768135,1.5466967391304252,2.910160507246388,11.089839492753612,11.089839492753612,0.7921313923395437,9838.695199999995,19677.39039999999,10240.297349999997,20480.594699999994,401.60215000000244,803.2043000000049,9838.695199999995,19677.39039999999,0.0,272.0,272.0,0.0,274.9101605072465,-2.9101605072464736,-244.0,-244.0,-252.73048152173916
full_history,Complete feature history,2005-05-13,2026-06-05,both_atr_expansions,Both ATR expansion flags,1100,135,0.12272727272727273,150.0,2.0,8.25,0.005,0.5,37.75970925925925,6,5,1,0.16666666666666666,691.4075500000004,641.5551000000003,49.85245000000009,99.70490000000018,5.12153740740741,4.752260000000002,0.36927740740740805,7.880722592592592,7.880722592592592,0.9552391021324355,6978.974199999994,13957.948399999988,7028.8266499999945,14057.653299999989,49.85245000000032,99.70490000000063,6978.974199999993,13957.948399999987,-9.094947017729282e-13,493.36125000000015,484.5201000000002,8.84114999999997,485.25865481481503,8.102595185185123,-493.36125000000015,-484.5201000000002,-485.25865481481503
full_history,Complete feature history,2005-05-13,2026-06-05,both_atr_expansions,Both ATR expansion flags,1100,135,0.12272727272727273,150.0,2.0,8.25,0.01,1.0,75.5194185185185,6,5,1,0.16666666666666666,691.4075500000004,547.0514999999996,144.35605000000078,288.71210000000156,5.12153740740741,4.05223333333333,1.0693040740740798,7.18069592592592,7.18069592592592,0.8703873849607175,6978.974199999994,13957.948399999988,7123.330249999995,14246.66049999999,144.35605000000123,288.71210000000247,6978.974199999994,13957.948399999988,0.0,493.36125000000015,475.6789500000002,17.68229999999994,477.81755814814846,15.54369185185169,-493.36125000000015,-475.6789500000002,-477.81755814814835
full_history,Complete feature history,2005-05-13,2026-06-05,both_atr_expansions,Both ATR expansion flags,1100,135,0.12272727272727273,150.0,2.0,8.25,0.015,1.5,113.27912777777779,6,4,2,0.3333333333333333,691.4075500000004,444.9829000000002,246.42465000000016,492.8493000000003,5.12153740740741,3.296169629629631,1.825367777777779,6.424632222222221,6.424632222222221,0.7787432996632995,6978.974199999994,13957.948399999988,7225.398849999994,14450.797699999988,246.42464999999993,492.84929999999986,6978.974199999993,13957.948399999987,-9.094947017729282e-13,493.36125000000015,462.2429000000002,31.118349999999964,465.89363555555565,27.467614444444507,-493.36125000000015,-462.2429000000002,-465.89363555555576
full_history,Complete feature history,2005-05-13,2026-06-05,both_atr_expansions,Both ATR expansion flags,1100,135,0.12272727272727273,150.0,2.0,8.25,0.02,2.0,151.038837037037,6,4,2,0.3333333333333333,691.4075500000004,415.2689499999999,276.13860000000045,552.2772000000009,5.12153740740741,3.0760662962962955,2.0454711111111146,6.204528888888886,6.204528888888886,0.7520641077441074,6978.974199999994,13957.948399999988,7255.112799999994,14510.225599999989,276.1386000000002,552.2772000000004,6978.974199999995,13957.94839999999,9.094947017729282e-13,493.36125000000015,444.67644999999993,48.68480000000022,448.76739222222204,44.59385777777811,-493.36125000000015,-444.67644999999993,-448.76739222222216
full_history,Complete feature history,2005-05-13,2026-06-05,both_atr_expansions,Both ATR expansion flags,1100,135,0.12272727272727273,150.0,2.0,8.25,0.03,3.0,226.55825555555558,6,4,2,0.3333333333333333,691.4075500000004,355.84105,335.56650000000036,671.1330000000007,5.12153740740741,2.6358596296296297,2.4856777777777803,5.764322222222219,5.764322222222219,0.6987057239057235,6978.974199999994,13957.948399999988,7314.540699999994,14629.081399999988,335.5664999999999,671.1329999999998,6978.974199999994,13957.948399999988,0.0,493.36125000000015,409.5435500000001,83.81770000000006,414.51490555555563,78.84634444444453,-493.36125000000015,-409.5435500000001,-414.51490555555563
full_history,Complete feature history,2005-05-13,2026-06-05,full_three_factor_score,"Full score, at least 2 of 3 flags",1100,197,0.17909090909090908,150.0,2.0,8.25,0.005,0.5,36.583868527918774,9,8,1,0.1111111111111111,1141.4075500000004,1091.5551000000003,49.85245000000009,99.70490000000018,5.793946954314722,5.540888832487311,0.2530581218274116,7.9969418781725885,7.9969418781725885,0.9693262882633441,6978.974199999994,13957.948399999988,7028.8266499999945,14057.653299999989,49.85245000000032,99.70490000000063,6978.974199999995,13957.94839999999,9.094947017729282e-13,493.36125000000015,484.5201000000002,8.84114999999997,485.53233248731,7.828917512690168,-493.36125000000015,-484.5201000000002,-485.5323324873099
full_history,Complete feature history,2005-05-13,2026-06-05,full_three_factor_score,"Full score, at least 2 of 3 flags",1100,197,0.17909090909090908,150.0,2.0,8.25,0.01,1.0,73.16773705583755,9,8,1,0.1111111111111111,1141.4075500000004,997.0514999999996,144.35605000000078,288.71210000000156,5.793946954314722,5.061175126903551,0.7327718274111714,7.517228172588829,7.517228172588829,0.9111791724350096,6978.974199999994,13957.948399999988,7123.330249999995,14246.66049999999,144.35605000000123,288.71210000000247,6978.974199999994,13957.948399999988,0.0,493.36125000000015,475.6789500000002,17.68229999999994,478.6100373096449,14.75121269035526,-493.36125000000015,-475.6789500000002,-478.6100373096449
full_history,Complete feature history,2005-05-13,2026-06-05,full_three_factor_score,"Full score, at least 2 of 3 flags",1100,197,0.17909090909090908,150.0,2.0,8.25,0.015,1.5,109.75160558375632,9,7,2,0.2222222222222222,1141.4075500000004,894.9829000000002,246.42465000000016,492.8493000000003,5.793946954314722,4.543060406091372,1.250886548223351,6.999113451776649,6.999113451776649,0.8483773880941393,6978.974199999994,13957.948399999988,7225.398849999994,14450.797699999988,246.42464999999993,492.84929999999986,6978.974199999995,13957.94839999999,9.094947017729282e-13,493.36125000000015,462.2429000000002,31.118349999999964,467.2464461928937,26.114803807106455,-493.36125000000015,-462.2429000000002,-467.2464461928936
full_history,Complete feature history,2005-05-13,2026-06-05,full_three_factor_score,"Full score, at least 2 of 3 flags",1100,197,0.17909090909090908,150.0,2.0,8.25,0.02,2.0,146.3354741116751,9,7,2,0.2222222222222222,1141.4075500000004,864.027699999999,277.3798500000014,554.7597000000028,5.793946954314722,4.385927411167508,1.4080195431472151,6.841980456852784,6.841980456852784,0.8293309644670042,6978.974199999994,13957.948399999988,7256.354049999995,14512.70809999999,277.37985000000117,554.7597000000023,6978.974199999994,13957.948399999988,0.0,493.36125000000015,444.67644999999993,48.68480000000022,450.3085281725889,43.05272182741123,-493.36125000000015,-444.67644999999993,-450.3085281725888
full_history,Complete feature history,2005-05-13,2026-06-05,full_three_factor_score,"Full score, at least 2 of 3 flags",1100,197,0.17909090909090908,150.0,2.0,8.25,0.03,3.0,219.50321116751263,9,7,2,0.2222222222222222,1141.4075500000004,655.9876999999988,485.4198500000016,970.8397000000032,5.793946954314722,3.3298868020304506,2.464060152284272,5.785939847715728,5.785939847715728,0.7013260421473609,6978.974199999994,13957.948399999988,7464.394049999995,14928.78809999999,485.41985000000113,970.8397000000023,6978.974199999993,13957.948399999987,-9.094947017729282e-13,493.36125000000015,409.5435500000001,83.81770000000006,419.39979060913697,73.96145939086318,-493.36125000000015,-409.5435500000001,-419.3997906091372
full_history,Complete feature history,2005-05-13,2026-06-05,both_atr_expansions,Both ATR expansion flags,1100,135,0.12272727272727273,150.0,2.0,10.0,0.005,0.5,37.75970925925925,6,5,1,0.16666666666666666,691.4075500000004,641.5551000000003,49.85245000000009,99.70490000000018,5.12153740740741,4.752260000000002,0.36927740740740805,9.630722592592592,9.630722592592592,0.9630722592592592,8903.974199999993,17807.948399999987,8953.826649999995,17907.65329999999,49.852450000002136,99.70490000000427,8903.974199999993,17807.948399999987,0.0,486.36125000000015,477.5201000000002,8.84114999999997,478.25865481481515,8.10259518518501,-486.36125000000015,-477.5201000000002,-478.25865481481503
full_history,Complete feature history,2005-05-13,2026-06-05,both_atr_expansions,Both ATR expansion flags,1100,135,0.12272727272727273,150.0,2.0,10.0,0.01,1.0,75.5194185185185,6,5,1,0.16666666666666666,691.4075500000004,547.0514999999996,144.35605000000078,288.71210000000156,5.12153740740741,4.05223333333333,1.0693040740740798,8.93069592592592,8.93069592592592,0.8930695925925921,8903.974199999993,17807.948399999987,9048.330249999995,18096.66049999999,144.35605000000214,288.7121000000043,8903.974199999993,17807.948399999987,0.0,486.36125000000015,468.6789500000002,17.68229999999994,470.81755814814846,15.54369185185169,-486.36125000000015,-468.6789500000002,-470.81755814814835
full_history,Complete feature history,2005-05-13,2026-06-05,both_atr_expansions,Both ATR expansion flags,1100,135,0.12272727272727273,150.0,2.0,10.0,0.015,1.5,113.27912777777779,6,4,2,0.3333333333333333,691.4075500000004,444.9829000000002,246.42465000000016,492.8493000000003,5.12153740740741,3.296169629629631,1.825367777777779,8.174632222222222,8.174632222222222,0.8174632222222222,8903.974199999993,17807.948399999987,9150.398849999994,18300.79769999999,246.42465000000084,492.8493000000017,8903.974199999993,17807.948399999987,0.0,486.36125000000015,455.2429000000002,31.118349999999964,458.89363555555565,27.467614444444507,-486.36125000000015,-455.2429000000002,-458.89363555555576
full_history,Complete feature history,2005-05-13,2026-06-05,both_atr_expansions,Both ATR expansion flags,1100,135,0.12272727272727273,150.0,2.0,10.0,0.02,2.0,151.038837037037,6,4,2,0.3333333333333333,691.4075500000004,415.2689499999999,276.13860000000045,552.2772000000009,5.12153740740741,3.0760662962962955,2.0454711111111146,7.954528888888886,7.954528888888886,0.7954528888888885,8903.974199999993,17807.948399999987,9180.112799999995,18360.22559999999,276.13860000000204,552.2772000000041,8903.974199999993,17807.948399999987,0.0,486.36125000000015,437.67644999999993,48.68480000000022,441.76739222222204,44.59385777777811,-486.36125000000015,-437.67644999999993,-441.76739222222216
full_history,Complete feature history,2005-05-13,2026-06-05,both_atr_expansions,Both ATR expansion flags,1100,135,0.12272727272727273,150.0,2.0,10.0,0.03,3.0,226.55825555555558,6,4,2,0.3333333333333333,691.4075500000004,355.84105,335.56650000000036,671.1330000000007,5.12153740740741,2.6358596296296297,2.4856777777777803,7.514322222222219,7.514322222222219,0.751432222222222,8903.974199999993,17807.948399999987,9239.540699999994,18479.08139999999,335.5665000000008,671.1330000000016,8903.974199999993,17807.948399999987,0.0,486.36125000000015,402.5435500000001,83.81770000000006,407.5149055555555,78.84634444444464,-486.36125000000015,-402.5435500000001,-407.51490555555563
full_history,Complete feature history,2005-05-13,2026-06-05,full_three_factor_score,"Full score, at least 2 of 3 flags",1100,197,0.17909090909090908,150.0,2.0,10.0,0.005,0.5,36.583868527918774,9,8,1,0.1111111111111111,1141.4075500000004,1091.5551000000003,49.85245000000009,99.70490000000018,5.793946954314722,5.540888832487311,0.2530581218274116,9.746941878172589,9.746941878172589,0.9746941878172588,8903.974199999993,17807.948399999987,8953.826649999995,17907.65329999999,49.852450000002136,99.70490000000427,8903.974199999995,17807.94839999999,1.8189894035458565e-12,486.36125000000015,477.5201000000002,8.84114999999997,478.5323324873102,7.828917512689941,-486.36125000000015,-477.5201000000002,-478.5323324873099
full_history,Complete feature history,2005-05-13,2026-06-05,full_three_factor_score,"Full score, at least 2 of 3 flags",1100,197,0.17909090909090908,150.0,2.0,10.0,0.01,1.0,73.16773705583755,9,8,1,0.1111111111111111,1141.4075500000004,997.0514999999996,144.35605000000078,288.71210000000156,5.793946954314722,5.061175126903551,0.7327718274111714,9.267228172588828,9.267228172588828,0.9267228172588828,8903.974199999993,17807.948399999987,9048.330249999995,18096.66049999999,144.35605000000214,288.7121000000043,8903.974199999995,17807.94839999999,1.8189894035458565e-12,486.36125000000015,468.6789500000002,17.68229999999994,471.6100373096449,14.75121269035526,-486.36125000000015,-468.6789500000002,-471.6100373096449
full_history,Complete feature history,2005-05-13,2026-06-05,full_three_factor_score,"Full score, at least 2 of 3 flags",1100,197,0.17909090909090908,150.0,2.0,10.0,0.015,1.5,109.75160558375632,9,7,2,0.2222222222222222,1141.4075500000004,894.9829000000002,246.42465000000016,492.8493000000003,5.793946954314722,4.543060406091372,1.250886548223351,8.74911345177665,8.74911345177665,0.8749113451776649,8903.974199999993,17807.948399999987,9150.398849999994,18300.79769999999,246.42465000000084,492.8493000000017,8903.974199999993,17807.948399999987,0.0,486.36125000000015,455.2429000000002,31.118349999999964,460.2464461928939,26.114803807106227,-486.36125000000015,-455.2429000000002,-460.2464461928936
full_history,Complete feature history,2005-05-13,2026-06-05,full_three_factor_score,"Full score, at least 2 of 3 flags",1100,197,0.17909090909090908,150.0,2.0,10.0,0.02,2.0,146.3354741116751,9,7,2,0.2222222222222222,1141.4075500000004,864.027699999999,277.3798500000014,554.7597000000028,5.793946954314722,4.385927411167508,1.4080195431472151,8.591980456852784,8.591980456852784,0.8591980456852785,8903.974199999993,17807.948399999987,9181.354049999994,18362.70809999999,277.37985000000117,554.7597000000023,8903.974199999993,17807.948399999987,0.0,486.36125000000015,437.67644999999993,48.68480000000022,443.3085281725889,43.05272182741123,-486.36125000000015,-437.67644999999993,-443.3085281725888
full_history,Complete feature history,2005-05-13,2026-06-05,full_three_factor_score,"Full score, at least 2 of 3 flags",1100,197,0.17909090909090908,150.0,2.0,10.0,0.03,3.0,219.50321116751263,9,7,2,0.2222222222222222,1141.4075500000004,655.9876999999988,485.4198500000016,970.8397000000032,5.793946954314722,3.3298868020304506,2.464060152284272,7.535939847715728,7.535939847715728,0.7535939847715728,8903.974199999993,17807.948399999987,9389.394049999995,18778.78809999999,485.41985000000204,970.8397000000041,8903.974199999993,17807.948399999987,0.0,486.36125000000015,402.5435500000001,83.81770000000006,412.39979060913697,73.96145939086318,-486.36125000000015,-402.5435500000001,-412.3997906091372
full_history,Complete feature history,2005-05-13,2026-06-05,both_atr_expansions,Both ATR expansion flags,1100,135,0.12272727272727273,150.0,2.0,12.0,0.005,0.5,37.75970925925925,6,5,1,0.16666666666666666,691.4075500000004,641.5551000000003,49.85245000000009,99.70490000000018,5.12153740740741,4.752260000000002,0.36927740740740805,11.630722592592592,11.630722592592592,0.9692268827160494,11103.974199999993,22207.948399999987,11153.826649999995,22307.65329999999,49.852450000002136,99.70490000000427,11103.974199999993,22207.948399999987,0.0,478.36125000000015,469.5201000000002,8.84114999999997,470.25865481481515,8.10259518518501,-478.36125000000015,-469.5201000000002,-470.25865481481503
full_history,Complete feature history,2005-05-13,2026-06-05,both_atr_expansions,Both ATR expansion flags,1100,135,0.12272727272727273,150.0,2.0,12.0,0.01,1.0,75.5194185185185,6,5,1,0.16666666666666666,691.4075500000004,547.0514999999996,144.35605000000078,288.71210000000156,5.12153740740741,4.05223333333333,1.0693040740740798,10.93069592592592,10.93069592592592,0.9108913271604934,11103.974199999993,22207.948399999987,11248.330249999995,22496.66049999999,144.35605000000214,288.7121000000043,11103.974199999993,22207.948399999987,0.0,478.36125000000015,460.6789500000002,17.68229999999994,462.81755814814846,15.54369185185169,-478.36125000000015,-460.6789500000002,-462.81755814814835
full_history,Complete feature history,2005-05-13,2026-06-05,both_atr_expansions,Both ATR expansion flags,1100,135,0.12272727272727273,150.0,2.0,12.0,0.015,1.5,113.27912777777779,6,4,2,0.3333333333333333,691.4075500000004,444.9829000000002,246.42465000000016,492.8493000000003,5.12153740740741,3.296169629629631,1.825367777777779,10.174632222222222,10.174632222222222,0.8478860185185185,11103.974199999993,22207.948399999987,11350.398849999994,22700.79769999999,246.42465000000084,492.8493000000017,11103.974199999993,22207.948399999987,0.0,478.36125000000015,447.2429000000002,31.118349999999964,450.89363555555565,27.467614444444507,-478.36125000000015,-447.2429000000002,-450.89363555555576
full_history,Complete feature history,2005-05-13,2026-06-05,both_atr_expansions,Both ATR expansion flags,1100,135,0.12272727272727273,150.0,2.0,12.0,0.02,2.0,151.038837037037,6,4,2,0.3333333333333333,691.4075500000004,415.2689499999999,276.13860000000045,552.2772000000009,5.12153740740741,3.0760662962962955,2.0454711111111146,9.954528888888886,9.954528888888886,0.8295440740740738,11103.974199999993,22207.948399999987,11380.112799999995,22760.22559999999,276.13860000000204,552.2772000000041,11103.974199999993,22207.948399999987,0.0,478.36125000000015,429.67644999999993,48.68480000000022,433.76739222222204,44.59385777777811,-478.36125000000015,-429.67644999999993,-433.76739222222216
full_history,Complete feature history,2005-05-13,2026-06-05,both_atr_expansions,Both ATR expansion flags,1100,135,0.12272727272727273,150.0,2.0,12.0,0.03,3.0,226.55825555555558,6,4,2,0.3333333333333333,691.4075500000004,355.84105,335.56650000000036,671.1330000000007,5.12153740740741,2.6358596296296297,2.4856777777777803,9.51432222222222,9.51432222222222,0.792860185185185,11103.974199999993,22207.948399999987,11439.540699999994,22879.08139999999,335.5665000000008,671.1330000000016,11103.974199999993,22207.948399999987,0.0,478.36125000000015,394.5435500000001,83.81770000000006,399.5149055555555,78.84634444444464,-478.36125000000015,-394.5435500000001,-399.51490555555563
full_history,Complete feature history,2005-05-13,2026-06-05,full_three_factor_score,"Full score, at least 2 of 3 flags",1100,197,0.17909090909090908,150.0,2.0,12.0,0.005,0.5,36.583868527918774,9,8,1,0.1111111111111111,1141.4075500000004,1091.5551000000003,49.85245000000009,99.70490000000018,5.793946954314722,5.540888832487311,0.2530581218274116,11.746941878172589,11.746941878172589,0.9789118231810491,11103.974199999993,22207.948399999987,11153.826649999995,22307.65329999999,49.852450000002136,99.70490000000427,11103.974199999995,22207.94839999999,1.8189894035458565e-12,478.36125000000015,469.5201000000002,8.84114999999997,470.5323324873102,7.828917512689941,-478.36125000000015,-469.5201000000002,-470.5323324873099
full_history,Complete feature history,2005-05-13,2026-06-05,full_three_factor_score,"Full score, at least 2 of 3 flags",1100,197,0.17909090909090908,150.0,2.0,12.0,0.01,1.0,73.16773705583755,9,8,1,0.1111111111111111,1141.4075500000004,997.0514999999996,144.35605000000078,288.71210000000156,5.793946954314722,5.061175126903551,0.7327718274111714,11.267228172588828,11.267228172588828,0.938935681049069,11103.974199999993,22207.948399999987,11248.330249999995,22496.66049999999,144.35605000000214,288.7121000000043,11103.974199999995,22207.94839999999,1.8189894035458565e-12,478.36125000000015,460.6789500000002,17.68229999999994,463.6100373096449,14.75121269035526,-478.36125000000015,-460.6789500000002,-463.6100373096449
full_history,Complete feature history,2005-05-13,2026-06-05,full_three_factor_score,"Full score, at least 2 of 3 flags",1100,197,0.17909090909090908,150.0,2.0,12.0,0.015,1.5,109.75160558375632,9,7,2,0.2222222222222222,1141.4075500000004,894.9829000000002,246.42465000000016,492.8493000000003,5.793946954314722,4.543060406091372,1.250886548223351,10.74911345177665,10.74911345177665,0.8957594543147208,11103.974199999993,22207.948399999987,11350.398849999994,22700.79769999999,246.42465000000084,492.8493000000017,11103.974199999993,22207.948399999987,0.0,478.36125000000015,447.2429000000002,31.118349999999964,452.2464461928939,26.114803807106227,-478.36125000000015,-447.2429000000002,-452.2464461928936
full_history,Complete feature history,2005-05-13,2026-06-05,full_three_factor_score,"Full score, at least 2 of 3 flags",1100,197,0.17909090909090908,150.0,2.0,12.0,0.02,2.0,146.3354741116751,9,7,2,0.2222222222222222,1141.4075500000004,864.027699999999,277.3798500000014,554.7597000000028,5.793946954314722,4.385927411167508,1.4080195431472151,10.591980456852784,10.591980456852784,0.8826650380710653,11103.974199999993,22207.948399999987,11381.354049999994,22762.70809999999,277.37985000000117,554.7597000000023,11103.974199999993,22207.948399999987,0.0,478.36125000000015,429.67644999999993,48.68480000000022,435.3085281725889,43.05272182741123,-478.36125000000015,-429.67644999999993,-435.3085281725888
full_history,Complete feature history,2005-05-13,2026-06-05,full_three_factor_score,"Full score, at least 2 of 3 flags",1100,197,0.17909090909090908,150.0,2.0,12.0,0.03,3.0,219.50321116751263,9,7,2,0.2222222222222222,1141.4075500000004,655.9876999999988,485.4198500000016,970.8397000000032,5.793946954314722,3.3298868020304506,2.464060152284272,9.535939847715728,9.535939847715728,0.7946616539763106,11103.974199999993,22207.948399999987,11589.394049999995,23178.78809999999,485.41985000000204,970.8397000000041,11103.974199999993,22207.948399999987,0.0,478.36125000000015,394.5435500000001,83.81770000000006,404.39979060913697,73.96145939086318,-478.36125000000015,-394.5435500000001,-404.3997906091372
full_history,Complete feature history,2005-05-13,2026-06-05,both_atr_expansions,Both ATR expansion flags,1100,135,0.12272727272727273,150.0,2.0,14.0,0.005,0.5,37.75970925925925,6,5,1,0.16666666666666666,691.4075500000004,641.5551000000003,49.85245000000009,99.70490000000018,5.12153740740741,4.752260000000002,0.36927740740740805,13.630722592592592,13.630722592592592,0.9736230423280423,13303.974199999993,26607.948399999987,13353.826649999995,26707.65329999999,49.852450000002136,99.70490000000427,13303.974199999993,26607.948399999987,0.0,470.3612499999999,461.5201000000002,8.841149999999743,462.25865481481515,8.102595185184782,-470.36125000000015,-461.5201000000002,-462.25865481481503
full_history,Complete feature history,2005-05-13,2026-06-05,both_atr_expansions,Both ATR expansion flags,1100,135,0.12272727272727273,150.0,2.0,14.0,0.01,1.0,75.5194185185185,6,5,1,0.16666666666666666,691.4075500000004,547.0514999999996,144.35605000000078,288.71210000000156,5.12153740740741,4.05223333333333,1.0693040740740798,12.93069592592592,12.93069592592592,0.9236211375661372,13303.974199999993,26607.948399999987,13448.330249999995,26896.66049999999,144.35605000000214,288.7121000000043,13303.974199999993,26607.948399999987,0.0,470.3612499999999,452.67895000000044,17.682299999999486,454.81755814814846,15.543691851851463,-470.36125000000015,-452.6789500000002,-454.81755814814835
full_history,Complete feature history,2005-05-13,2026-06-05,both_atr_expansions,Both ATR expansion flags,1100,135,0.12272727272727273,150.0,2.0,14.0,0.015,1.5,113.27912777777779,6,4,2,0.3333333333333333,691.4075500000004,444.9829000000002,246.42465000000016,492.8493000000003,5.12153740740741,3.296169629629631,1.825367777777779,12.174632222222222,12.174632222222222,0.8696165873015873,13303.974199999993,26607.948399999987,13550.398849999994,27100.79769999999,246.42465000000084,492.8493000000017,13303.974199999993,26607.948399999987,0.0,470.3612499999999,439.2429000000002,31.118349999999737,442.8936355555559,27.467614444444052,-470.36125000000015,-439.2429000000002,-442.89363555555576
full_history,Complete feature history,2005-05-13,2026-06-05,both_atr_expansions,Both ATR expansion flags,1100,135,0.12272727272727273,150.0,2.0,14.0,0.02,2.0,151.038837037037,6,4,2,0.3333333333333333,691.4075500000004,415.2689499999999,276.13860000000045,552.2772000000009,5.12153740740741,3.0760662962962955,2.0454711111111146,11.954528888888886,11.954528888888886,0.8538949206349205,13303.974199999993,26607.948399999987,13580.112799999995,27160.22559999999,276.13860000000204,552.2772000000041,13303.974199999993,26607.948399999987,0.0,470.3612499999999,421.67644999999993,48.684799999999996,425.76739222222204,44.593857777777885,-470.36125000000015,-421.67644999999993,-425.76739222222216
full_history,Complete feature history,2005-05-13,2026-06-05,both_atr_expansions,Both ATR expansion flags,1100,135,0.12272727272727273,150.0,2.0,14.0,0.03,3.0,226.55825555555558,6,4,2,0.3333333333333333,691.4075500000004,355.84105,335.56650000000036,671.1330000000007,5.12153740740741,2.6358596296296297,2.4856777777777803,11.51432222222222,11.51432222222222,0.8224515873015871,13303.974199999993,26607.948399999987,13639.540699999994,27279.08139999999,335.5665000000008,671.1330000000016,13303.974199999993,26607.948399999987,0.0,470.3612499999999,386.5435500000003,83.8176999999996,391.5149055555555,78.84634444444441,-470.36125000000015,-386.5435500000001,-391.51490555555563
full_history,Complete feature history,2005-05-13,2026-06-05,full_three_factor_score,"Full score, at least 2 of 3 flags",1100,197,0.17909090909090908,150.0,2.0,14.0,0.005,0.5,36.583868527918774,9,8,1,0.1111111111111111,1141.4075500000004,1091.5551000000003,49.85245000000009,99.70490000000018,5.793946954314722,5.540888832487311,0.2530581218274116,13.746941878172589,13.746941878172589,0.9819244198694707,13303.974199999993,26607.948399999987,13353.826649999995,26707.65329999999,49.852450000002136,99.70490000000427,13303.974199999995,26607.94839999999,1.8189894035458565e-12,470.3612499999999,461.5201000000002,8.841149999999743,462.5323324873102,7.8289175126897135,-470.36125000000015,-461.5201000000002,-462.5323324873099
full_history,Complete feature history,2005-05-13,2026-06-05,full_three_factor_score,"Full score, at least 2 of 3 flags",1100,197,0.17909090909090908,150.0,2.0,14.0,0.01,1.0,73.16773705583755,9,8,1,0.1111111111111111,1141.4075500000004,997.0514999999996,144.35605000000078,288.71210000000156,5.793946954314722,5.061175126903551,0.7327718274111714,13.267228172588828,13.267228172588828,0.9476591551849163,13303.974199999993,26607.948399999987,13448.330249999995,26896.66049999999,144.35605000000214,288.7121000000043,13303.974199999995,26607.94839999999,1.8189894035458565e-12,470.3612499999999,452.67895000000044,17.682299999999486,455.6100373096451,14.751212690354805,-470.36125000000015,-452.6789500000002,-455.6100373096449
full_history,Complete feature history,2005-05-13,2026-06-05,full_three_factor_score,"Full score, at least 2 of 3 flags",1100,197,0.17909090909090908,150.0,2.0,14.0,0.015,1.5,109.75160558375632,9,7,2,0.2222222222222222,1141.4075500000004,894.9829000000002,246.42465000000016,492.8493000000003,5.793946954314722,4.543060406091372,1.250886548223351,12.74911345177665,12.74911345177665,0.9106509608411892,13303.974199999993,26607.948399999987,13550.398849999994,27100.79769999999,246.42465000000084,492.8493000000017,13303.974199999993,26607.948399999987,0.0,470.3612499999999,439.2429000000002,31.118349999999737,444.2464461928935,26.114803807106455,-470.36125000000015,-439.2429000000002,-444.2464461928936
full_history,Complete feature history,2005-05-13,2026-06-05,full_three_factor_score,"Full score, at least 2 of 3 flags",1100,197,0.17909090909090908,150.0,2.0,14.0,0.02,2.0,146.3354741116751,9,7,2,0.2222222222222222,1141.4075500000004,864.027699999999,277.3798500000014,554.7597000000028,5.793946954314722,4.385927411167508,1.4080195431472151,12.591980456852784,12.591980456852784,0.8994271754894846,13303.974199999993,26607.948399999987,13581.354049999994,27162.70809999999,277.37985000000117,554.7597000000023,13303.974199999993,26607.948399999987,0.0,470.3612499999999,421.67644999999993,48.684799999999996,427.30852817258847,43.05272182741146,-470.36125000000015,-421.67644999999993,-427.3085281725888
full_history,Complete feature history,2005-05-13,2026-06-05,full_three_factor_score,"Full score, at least 2 of 3 flags",1100,197,0.17909090909090908,150.0,2.0,14.0,0.03,3.0,219.50321116751263,9,7,2,0.2222222222222222,1141.4075500000004,655.9876999999988,485.4198500000016,970.8397000000032,5.793946954314722,3.3298868020304506,2.464060152284272,11.535939847715728,11.535939847715728,0.8239957034082662,13303.974199999993,26607.948399999987,13789.394049999995,27578.78809999999,485.41985000000204,970.8397000000041,13303.974199999993,26607.948399999987,0.0,470.3612499999999,386.5435500000003,83.8176999999996,396.39979060913697,73.96145939086296,-470.36125000000015,-386.5435500000001,-396.3997906091372
